{
  "mean": -41.08341598510742,
  "std": 13.496938705444336
}